{
  "rotation_parametrization": "TAIT_BRYAN",
  "actuator": [
    {
	  "active": true,
	  "pulley": {
	  "transmission_ratio": 2.396844981071314e-05,
	  "radius": 0.017042763371291,
	  "pos_OD_glob": [
        [-0.964543778946725],
        [0.024177559390549],
        [0.780077688536437]
      ],
	  "vers_i": [
       [0.001923143015411],
       [0.999998150755849],
       [-2.413611216760391e-06]
      ],
	  "vers_j": [
        [0.001255033711257],
        [0],
        [-0.999999212444882]
      ],
      "vers_k": [
        [-0.999997363202187],
        [0.001923144529993],
        [0.001255031390393]
      ]
	  },
      "winch": {
	  "transmission_ratio": 5.900233991787028e-08,
	  "l0": 1,
      "pos_PA_loc": [
        [-0.150426136072068],
        [-0.236638780074145],
        [0.261684766873677]
      ]
	  }
    },
	{
	  "active": false,
	  "pulley": {
	  "transmission_ratio": 2.396844981071314e-05,
	  "radius": 0.017042763371291,
	  "pos_OD_glob": [
        [-0.964543778946725],
        [0.024177559390549],
        [0.780077688536437]
      ],
	  "vers_i": [
       [0.001923143015411],
       [0.999998150755849],
       [-2.413611216760391e-06]
      ],
	  "vers_j": [
        [0.001255033711257],
        [0],
        [-0.999999212444882]
      ],
      "vers_k": [
        [-0.999997363202187],
        [0.001923144529993],
        [0.001255031390393]
      ]
	  },
      "winch": {
	  "transmission_ratio": 5.900233991787028e-08,
	  "l0": 1,
      "pos_PA_loc": [
        [-0.150426136072068],
        [-0.236638780074145],
        [0.261684766873677]
      ]
	  }
    },
	{
	  "active": false,
	  "pulley": {
	  "transmission_ratio": 2.396844981071314e-05,
	  "radius": 0.017042763371291,
	  "pos_OD_glob": [
        [-0.964543778946725],
        [0.024177559390549],
        [0.780077688536437]
      ],
	  "vers_i": [
       [0.001923143015411],
       [0.999998150755849],
       [-2.413611216760391e-06]
      ],
	  "vers_j": [
        [0.001255033711257],
        [0],
        [-0.999999212444882]
      ],
      "vers_k": [
        [-0.999997363202187],
        [0.001923144529993],
        [0.001255031390393]
      ]
	  },
      "winch": {
	  "transmission_ratio": 5.900233991787028e-08,
	  "l0": 1,
      "pos_PA_loc": [
        [-0.150426136072068],
        [-0.236638780074145],
        [0.261684766873677]
      ]
	  }
    },
	{
	  "active": false,
	  "pulley": {
	  "transmission_ratio": 2.396844981071314e-05,
	  "radius": 0.017042763371291,
	  "pos_OD_glob": [
        [-0.964543778946725],
        [0.024177559390549],
        [0.780077688536437]
      ],
	  "vers_i": [
       [0.001923143015411],
       [0.999998150755849],
       [-2.413611216760391e-06]
      ],
	  "vers_j": [
        [0.001255033711257],
        [0],
        [-0.999999212444882]
      ],
      "vers_k": [
        [-0.999997363202187],
        [0.001923144529993],
        [0.001255031390393]
      ]
	  },
      "winch": {
	  "transmission_ratio": 5.900233991787028e-08,
	  "l0": 1,
      "pos_PA_loc": [
        [-0.150426136072068],
        [-0.236638780074145],
        [0.261684766873677]
      ]
	  }
    },
	{
	  "active": true,
	  "pulley": {
	  "transmission_ratio": 2.396844981071314e-05,
	  "radius": 0.023407121035722,
	  "pos_OD_glob": [
        [1.145032609779645],
        [1.187768081164137],
        [0.767628999396484]
      ],
	  "vers_i": [
       [-0.999999174519174],
       [0.001284896792268],
       [-1.097013481808639e-06]
      ],
	  "vers_j": [
        [0],
        [-0.000853775251510945],
        [-0.999999635533844]
      ],
      "vers_k": [
        [-0.00128489726056972],
        [-0.999998810053319],
        [0.000853774546735845]
      ]
	  },
      "winch": {
	  "transmission_ratio": 5.904115307541675e-08,
	  "l0": 1,
      "pos_PA_loc": [
        [0.258285334330924],
        [-0.00157568669576209],
        [0.261446607434890]
      ]
	  }
    },
    {
	  "active": false,
	  "pulley": {
	  "transmission_ratio": 2.396844981071314e-05,
	  "radius": 0.023407121035722,
	  "pos_OD_glob": [
        [1.145032609779645],
        [1.187768081164137],
        [0.767628999396484]
      ],
	  "vers_i": [
       [-0.999999174519174],
       [0.001284896792268],
       [-1.097013481808639e-06]
      ],
	  "vers_j": [
        [0],
        [-0.000853775251510945],
        [-0.999999635533844]
      ],
      "vers_k": [
        [-0.00128489726056972],
        [-0.999998810053319],
        [0.000853774546735845]
      ]
	  },
      "winch": {
	  "transmission_ratio": 5.904115307541675e-08,
	  "l0": 1,
      "pos_PA_loc": [
        [0.258285334330924],
        [-0.00157568669576209],
        [0.261446607434890]
      ]
	  }
    },
	{
	  "active": true,
	  "pulley": {
	  "transmission_ratio": 2.396844981071314e-05,
	  "radius": 0.015270180375675,
	  "pos_OD_glob": [
        [-0.966924861743611],
        [2.33710556337799],
        [0.743201322490810]
      ],
	  "vers_i": [
       [-0.00316439625174137],
        [-0.999994993263112],
        [-6.71352503727247e-06]
      ],
	  "vers_j": [
        [-0.00212157688041628],
        [0],
        [0.999997749453238]
      ],
      "vers_k": [
        [-0.999992742727617],
        [0.00316440337337913],
        [-0.00212156625823906]
      ]
	  },
      "winch": {
	  "transmission_ratio": 5.93992600591236e-08,
	  "l0": 1,
      "pos_PA_loc": [
        [-0.150688538682020],
        [0.238102702737854],
        [0.261410712475964]
      ]
	  }
    },
    {
	  "active": false,
	  "pulley": {
	  "transmission_ratio": 2.396844981071314e-05,
	  "radius": 0.015270180375675,
	  "pos_OD_glob": [
        [-0.966924861743611],
        [2.33710556337799],
        [0.743201322490810]
      ],
	  "vers_i": [
       [-0.00316439625174137],
        [-0.999994993263112],
        [-6.71352503727247e-06]
      ],
	  "vers_j": [
        [-0.00212157688041628],
        [0],
        [0.999997749453238]
      ],
      "vers_k": [
        [-0.999992742727617],
        [0.00316440337337913],
        [-0.00212156625823906]
      ]
	  },
      "winch": {
	  "transmission_ratio": 5.93992600591236e-08,
	  "l0": 1,
      "pos_PA_loc": [
        [-0.150688538682020],
        [0.238102702737854],
        [0.261410712475964]
      ]
	  }
    }
  ],
  "platform": {
    "ext_torque_loc": [
      [0],
      [0],
      [0]
    ],
    "mass": 8.0064,
    "gravity_axis": [
      [-0.00706363344904404],
      [0.0156543383060401],
      [0.999852512511069]
    ],
    "inertia_mat_G_loc": [
      [
        0.138743801545143,
        0.00157122231211025,
        0.00137138837385691
      ],
      [
        0.00157122231211025,
        0.130577166408808,
        0.000919219257779996
      ],
      [
        0.00137138837385691,
        0.000919219257779996,
        0.220528248681672
      ]
    ],
    "pos_PG_loc": [
      [-0.0142539991391002],
      [-0.00172349210806806],
      [0.173254460800956]
    ],
    "ext_force_loc": [
      [0],
      [0],
      [0]
    ]
  }
}