{
  "motion_pattern" : "THREE_R_THREE_T",
  "permutation_mask" : [1,2,3,6,4,5],
  "actuator": [
    {
	  "active": true,
	  "pulley": {
	  "transmission_ratio": 2.396844981071314e-05,
	  "radius": 0.022481521633589,
	  "pos_OD_glob": [
        [0.219473894311920],
        [-1.316230607234220],
        [0.527150429164311]
      ],
	  "vers_i": [
        [-0.017840655705929],
        [0.999685691072324],
        [0.017613349177075]
      ],
	  "vers_j": [
        [0.012662918518968],
        [0.017840655705929],
        [-0.999760652105575]
      ],
      "vers_k": [
        [-0.999760652105575],
        [-0.017613349177076],
        [-0.012977227446644]
      ]
	  },
      "winch": {
	  "transmission_ratio": 5.900233991787028e-08,
	  "l0": 1,
      "pos_PA_loc": [
        [-0.143573625692052],
        [-0.219372012489486],
        [0.264011861401297]
      ]
	  }
    },
	{
	  "active": false,
	  "pulley": {
	  "transmission_ratio": 2.396844981071314e-05,
	  "radius": 0.017042763371291,
	  "pos_OD_glob": [
        [-0.964543778946725],
        [0.024177559390549],
        [0.780077688536437]
      ],
	  "vers_i": [
       [0.001923143015411],
       [0.999998150755849],
       [-2.413611216760391e-06]
      ],
	  "vers_j": [
        [0.001255033711257],
        [0],
        [-0.999999212444882]
      ],
      "vers_k": [
        [-0.999997363202187],
        [0.001923144529993],
        [0.001255031390393]
      ]
	  },
      "winch": {
	  "transmission_ratio": 5.900233991787028e-08,
	  "l0": 1,
      "pos_PA_loc": [
        [-0.150426136072068],
        [-0.236638780074145],
        [0.261684766873677]
      ]
	  }
    },
	{
	  "active": false,
	  "pulley": {
	  "transmission_ratio": 2.396844981071314e-05,
	  "radius": 0.017042763371291,
	  "pos_OD_glob": [
        [-0.964543778946725],
        [0.024177559390549],
        [0.780077688536437]
      ],
	  "vers_i": [
       [0.001923143015411],
       [0.999998150755849],
       [-2.413611216760391e-06]
      ],
	  "vers_j": [
        [0.001255033711257],
        [0],
        [-0.999999212444882]
      ],
      "vers_k": [
        [-0.999997363202187],
        [0.001923144529993],
        [0.001255031390393]
      ]
	  },
      "winch": {
	  "transmission_ratio": 5.900233991787028e-08,
	  "l0": 1,
      "pos_PA_loc": [
        [-0.150426136072068],
        [-0.236638780074145],
        [0.261684766873677]
      ]
	  }
    },
	{
	  "active": false,
	  "pulley": {
	  "transmission_ratio": 2.396844981071314e-05,
	  "radius": 0.017042763371291,
	  "pos_OD_glob": [
        [-0.964543778946725],
        [0.024177559390549],
        [0.780077688536437]
      ],
	  "vers_i": [
       [0.001923143015411],
       [0.999998150755849],
       [-2.413611216760391e-06]
      ],
	  "vers_j": [
        [0.001255033711257],
        [0],
        [-0.999999212444882]
      ],
      "vers_k": [
        [-0.999997363202187],
        [0.001923144529993],
        [0.001255031390393]
      ]
	  },
      "winch": {
	  "transmission_ratio": 5.900233991787028e-08,
	  "l0": 1,
      "pos_PA_loc": [
        [-0.150426136072068],
        [-0.236638780074145],
        [0.261684766873677]
      ]
	  }
    },
	{
	  "active": true,
	  "pulley": {
	  "transmission_ratio": 2.396844981071314e-05,
	  "radius": 0.022529038828237,
	  "pos_OD_glob": [
        [2.294897746417822],
        [-1.157872912018891],  
        [0.521196617876440]
      ],
	  "vers_i": [
       [-0.999970684963605],
       [0.005338812506985],
       [-0.005488742518390]
      ],
	  "vers_j": [
        [0.005338812506985],
        [-0.027703100858127],
        [-0.999601938415417]
      ],
      "vers_k": [
        [-0.005488742518390],
        [-0.999601938415417],
        [0.027673785821733]
      ]
	  },
      "winch": {
	  "transmission_ratio": 5.900233991787028e-08,
	  "l0": 1,
      "pos_PA_loc": [
        [0.114745726509964],
        [-0.233375977557260],
        [0.263645427932660]
        ]
	  }
    },
    {
	  "active": false,
	  "pulley": {
	  "transmission_ratio": 2.396844981071314e-05,
	  "radius": 0.023407121035722,
	  "pos_OD_glob": [
        [1.145032609779645],
        [1.187768081164137],
        [0.767628999396484]
      ],
	  "vers_i": [
       [-0.999999174519174],
       [0.001284896792268],
       [-1.097013481808639e-06]
      ],
	  "vers_j": [
        [0],
        [-0.000853775251510945],
        [-0.999999635533844]
      ],
      "vers_k": [
        [-0.00128489726056972],
        [-0.999998810053319],
        [0.000853774546735845]
      ]
	  },
      "winch": {
	  "transmission_ratio": 5.900233991787028e-08,
	  "l0": 1,
      "pos_PA_loc": [
        [0.258285334330924],
        [-0.00157568669576209],
        [0.261446607434890]
      ]
	  }
    },
	{
	   "active": true,
	  "pulley": {
	  "transmission_ratio": 2.396844981071314e-05,
	  "radius": 0.022534390674458,
	  "pos_OD_glob": [
        [2.152832912987712],
        [0.973257328271653],
        [0.559522119742980]
      ],
	  "vers_i": [
       [0.005524848485446],
       [-0.999969885763156],
       [0.005450102387466]
      ],
	  "vers_j": [
        [-0.013605323791813],
        [-0.005524848485446],
        [-0.999892179794268]
      ],
      "vers_k": [
        [0.999892179794268],
        [0.005450102387465],
        [-0.013635438028658]
      ]
	  },
      "winch": {
	  "transmission_ratio": 5.900233991787028e-08,
	  "l0": 1,
      "pos_PA_loc": [
        [0.141832871985389],
        [0.220039828901833],
        [0.265532891921717]
      ]
	  }
    },
    {
	  "active": true,
	  "pulley": {
	  "transmission_ratio": 2.396844981071314e-05,
	  "radius": 0.022438809299914,
	  "pos_OD_glob": [
        [0.053155664197761],
        [0.795814709954402],
        [0.531979795522110]
      ],
	  "vers_i": [
       [0.999620173843595],
       [-0.019587272403234],
       [-0.019386768805101]
      ],
	  "vers_j": [
        [-0.019587272403234],
        [-0.010096944954463],
        [-0.999757165746957]
      ],
      "vers_k": [
        [0.019386768805101],
        [0.999757165746957],
        [-0.010476771110868]
      ]
	  },
      "winch": {
	  "transmission_ratio": 5.900233991787028e-08,
	  "l0": 1,
      "pos_PA_loc": [
        [-0.120384638843797],
        [0.235736768178030],
        [0.265552408156096]
      ]
	  }
    }
  ],
  "platform": {
    "ext_torque_loc": [
      [0],
      [0],
      [0]
    ],
    "mass": 1,
    "gravity_axis": [
      [0.00869889848318902],
      [-0.00582375717386023],
      [0.999945205007534]
    ],
    "inertia_mat_G_loc": [
      [
        0.0167263464058208,
    	0.000734458303034865,	
        0.000258209313933217
      ],
      [
        0.000734458303034865,	
        0.0226804556066539,	
        -0.000685602376166686
      ],
      [
        0.000258209313933217,	
        -0.000685602376166686,	
        0.0325218667884199
      ]
    ],
    "pos_PG_loc": [
      [0.00175976788685793],
      [-0.00234153575367441],
      [0.199741192524582]
    ],
    "ext_force_loc": [
      [0],
      [0],
      [0]
    ],
"rotation_parametrization": "TAIT_BRYAN"
  }
}