{
  "rotation_parametrization": "TILT_TORSION",
  "actuator": [
    {
	  "active": true,
	  "pulley": {
	  "transmission_ratio": 3.814697265625e-6,
	  "radius": 0,
	  "pos_OD_glob": [
        [-0.001],[0.01196],[0]
      ],
	  "vers_i": [
       [0.001923143015411],
       [0.999998150755849],
       [-2.413611216760391e-06]
      ],
	  "vers_j": [
        [0.001255033711257],
        [0],
        [-0.999999212444882]
      ],
      "vers_k": [
        [-0.999997363202187],
        [0.001923144529993],
        [0.001255031390393]
      ]
	  },
      "winch": {
	  "transmission_ratio": 5.900233991787028e-08,
	  "l0": 1,
      "pos_PA_loc": [
        [-0.1299],[0.075],[-0.005]
      ]
	  }
    },
	{
	  "active": true,
	  "pulley": {
	  "transmission_ratio": 3.814697265625e-6,
	  "radius": 0,
	  "pos_OD_glob": [
        [0.001],[0.01196],[0]
      ],
	  "vers_i": [
       [-0.999999174519174],
       [0.001284896792268],
       [-1.097013481808639e-06]
      ],
	  "vers_j": [
        [0],
        [-0.000853775251510945],
        [-0.999999635533844]
      ],
      "vers_k": [
        [-0.00128489726056972],
        [-0.999998810053319],
        [0.000853774546735845]
      ]
	  },
      "winch": {
	  "transmission_ratio": 5.900233991787028e-08,
	  "l0": 1,
      "pos_PA_loc": [
        [0.1299],[0.075],[-0.005]
      ]
	  }
    },
	{
	  "active": true,
	  "pulley": {
	  "transmission_ratio": 3.814697265625e-6,
	  "radius": 0,
	  "pos_OD_glob": [
        [0.01086],[-0.00511],[0]
      ],
	  "vers_i": [
       [0.001923143015411],
       [0.999998150755849],
       [-2.413611216760391e-06]
      ],
	  "vers_j": [
        [0.001255033711257],
        [0],
        [-0.999999212444882]
      ],
      "vers_k": [
        [-0.999997363202187],
        [0.001923144529993],
        [0.001255031390393]
      ]
	  },
      "winch": {
	  "transmission_ratio": 5.900233991787028e-08,
	  "l0": 1,
      "pos_PA_loc": [
        [0.1299],[0.075],[-0.005]
      ]
	  }
    },
	{
	  "active": true,
	  "pulley": {
	  "transmission_ratio": 3.814697265625e-6,
	  "radius": 0,
	  "pos_OD_glob": [
        [0.00986],[-0.00685],[0]
      ],
	  "vers_i": [
       [-0.999999174519174],
       [0.001284896792268],
       [-1.097013481808639e-06]
      ],
	  "vers_j": [
        [0],
        [-0.000853775251510945],
        [-0.999999635533844]
      ],
      "vers_k": [
        [-0.00128489726056972],
        [-0.999998810053319],
        [0.000853774546735845]
      ]
	  },
      "winch": {
	  "transmission_ratio": 5.900233991787028e-08,
	  "l0": 1,
      "pos_PA_loc": [
        [0],[-0.15],[-0.005]
      ]
	  }
    },
	{
	  "active": true,
	  "pulley": {
	  "transmission_ratio": 3.814697265625e-6,
	  "radius": 0,
	  "pos_OD_glob": [
        [-0.00986],[-0.00685],[0]
      ],
	  "vers_i": [
       [-0.00316439625174137],
        [-0.999994993263112],
        [-6.71352503727247e-06]
      ],
	  "vers_j": [
        [-0.00212157688041628],
        [0],
        [0.999997749453238]
      ],
      "vers_k": [
        [-0.999992742727617],
        [0.00316440337337913],
        [-0.00212156625823906]
      ]
	  },
      "winch": {
	  "transmission_ratio": 5.904115307541675e-08,
	  "l0": 1,
      "pos_PA_loc": [
        [0],[-0.15],[-0.005]
      ]
	  }
    },
    {
	  "active": true,
	  "pulley": {
	  "transmission_ratio": 3.814697265625e-6,
	  "radius": 0,
	  "pos_OD_glob": [
         [-0.01086],[-0.00511],[0]
      ],
	  "vers_i": [
       [-0.00316439625174137],
        [-0.999994993263112],
        [-6.71352503727247e-06]
      ],
	  "vers_j": [
        [-0.00212157688041628],
        [0],
        [0.999997749453238]
      ],
      "vers_k": [
        [-0.999992742727617],
        [0.00316440337337913],
        [-0.00212156625823906]
      ]
	  },
      "winch": {
	  "transmission_ratio": 5.904115307541675e-08,
	  "l0": 1,
      "pos_PA_loc": [
        [-0.1299],[0.075],[-0.005]
      ]
	  }
    }
  ],
  "platform": {
    "ext_torque_loc": [
      [0],
      [0],
      [0]
    ],
    "mass": 0.3,
    "gravity_axis": [
      [0],
      [0],
      [1]
    ],
    "inertia_mat_G_loc": [
      [
        0.137103501707891,
        0.00197210741078711,
        0.00676230798678740
      ],
      [
        0.00197210741078711,
        0.126579635308872,
        0.00227526433982015
      ],
      [
        0.00676230798678740,
        0.00227526433982015,
        0.221805498058557
      ]
    ],
    "pos_PG_loc": [
      [0],
      [0],
      [0]
    ],
    "ext_force_loc": [
      [0],
      [0],
      [0]
    ]
  }
}