{
  "rotation_parametrization": "TAYT_BRYAN",
  "cable": [
    {
      "swivel_pulley_encoder_res": 262144,
      "motor_cable_tau": 2,
      "l0": 1,
      "pos_D_glob": [
        [-2.029594559948216],
        [-0.169642227046553],
        [0.807595404978923]
      ],
      "vers_i": [
        [0.0376530632838613],
        [0.994199989295536],
        [-0.100740399592707]
      ],
      "pos_A_loc": [
        [0.0199999797457478],
        [-0.286799969179064],
        [0.250000001206436]
      ],
      "vers_j": [
        [-0.000728275363735027],
        [-0.100784559896304],
        [-0.994908006853651]
      ],
      "vers_k": [
        [-0.999290606600671],
        [0.0375347008948370],
        [-0.00307079605298203]
      ],
      "swivel_pulley_r": 0.025,
      "motor_encoder_res": 1048576
    },
    {
      "swivel_pulley_encoder_res": 262144,
      "motor_cable_tau": 2,
      "l0": 1,
      "pos_D_glob": [
        [0.0656930817427495],
        [0.916978663025480],
        [0.757433767882677]
      ],
      "vers_i": [
       [-0.995317964572968],
       [0.0542445217893429],
       [-0.0799980078137653]
      ],
      "pos_A_loc": [
        [0.2511],
        [0.1534],
        [0.2500]
      ],
      "vers_j": [
        [0.0769513066254306],
        [-0.0561052185131007],
        [-0.995455022019697]
      ],
      "vers_k": [
        [-0.0584862873412623],
        [-0.996950217569284],
        [0.0516683450634194]
      ],
      "swivel_pulley_r": 0.025,
      "motor_encoder_res": 1048576
    },
    {
      "swivel_pulley_encoder_res": 262144,
      "motor_cable_tau": 2,
      "l0": 1,
      "pos_D_glob": [
        [-2.04307810304978],
        [2.24106224502955],
        [0.738167007491344]
      ],
      "vers_i": [
        [0.0164778439711446],
        [-0.999247675918304],
        [0.0351078741870105]
      ],
      "pos_A_loc": [
        [-0.2111],
        [0.1534],
        [0.2500]
      ],
      "vers_j": [
        [-0.0367671341137555],
        [0.0344833421640011],
        [0.998728730417956]
      ],
      "vers_k": [
        [-0.999187999581222],
        [-0.0177477121080091],
        [-0.0361712621815648]
      ],
      "swivel_pulley_r": 0.025,
      "motor_encoder_res": 1048576
    }
  ],
  "platform": {
    "ext_moments_loc": [
      [0],
      [0],
      [0]
    ],
    "mass": 8.0064014,
    "grav_ax": [
      [-0.009144245073395],
      [0.037897136273466],
      [0.999197377820973]
    ],
    "inertia_mat_G_loc": [
      [
        0.13974096,
        0,
        0
      ],
      [
        0,
        0.13974096,
        0
      ],
      [
        0,
        0,
        0.21622689
      ]
    ],
    "pos_G_loc": [
      [0],
      [0],
      [0.18185573]
    ],
    "ext_force_loc": [
      [0],
      [0],
      [0]
    ]
  }
}