{
  "rotation_parametrization": "TAYT_BRYAN",
  "cable": [
    {
      "swivel_pulley_encoder_res": 262144,
      "motor_cable_tau": 5.883334294322549e-08,
      "l0": 1,
     "pos_D_glob": [
        [-0.964543778946725],
        [0.024177559390549],
        [0.780077688536437]
      ],
      "vers_i": [
       [0.001923143015411],
       [0.999998150755849],
       [-2.413611216760391e-06]
      ],
      "pos_A_loc": [
        [-0.150426136072068],
        [-0.236638780074145],
        [-0.038315233126323]
      ],
      "vers_j": [
        [0.001255033711257],
        [0],
        [-0.999999212444882]
      ],
      "vers_k": [
        [-0.999997363202187],
        [0.001923144529993],
        [0.001255031390393]
      ],
      "swivel_pulley_r": 0.022357392473501,
      "motor_encoder_res": 1048576
    },
    {
      "swivel_pulley_encoder_res": 262144,
      "motor_cable_tau": 5.896498390983991e-08,
      "l0": 1,
      "pos_D_glob": [
        [1.145032609779645],
        [1.187768081164137],
        [0.767628999396484]
      ],
      "vers_i": [
        [-0.999999174519174],
        [0.001284896792268],
        [-1.097013481808639e-06]
      ],
      "pos_A_loc": [
        [0.258285334330924],
        [-0.00157568669576209],
        [-0.0385533925651103]
      ],
      "vers_j": [
        [0],
        [-0.000853775251510945],
        [-0.999999635533844]
      ],
      "vers_k": [
        [-0.00128489726056972],
        [-0.999998810053319],
        [0.000853774546735845]
      ],
      "swivel_pulley_r": 0.022225278837996,
      "motor_encoder_res": 1048576
    },
    {
      "swivel_pulley_encoder_res": 262144,
      "motor_cable_tau": 5.933762059974326e-08,
      "l0": 1,
      "pos_D_glob": [
        [-0.966924861743611],
        [2.33710556337799],
        [0.743201322490810]
      ],
      "vers_i": [
        [-0.00316439625174137],
        [-0.999994993263112],
        [-6.71352503727247e-06]
      ],
      "pos_A_loc": [
        [-0.150688538682020],
        [0.238102702737854],
        [-0.0385892875240361]
      ],
      "vers_j": [
        [-0.00212157688041628],
        [0],
        [0.999997749453238]
      ],
      "vers_k": [
        [-0.999992742727617],
        [0.00316440337337913],
        [-0.00212156625823906]
      ],
      "swivel_pulley_r": 0.022521033850218,
      "motor_encoder_res": 1048576
    }
  ],
  "platform": {
    "ext_moments_loc": [
      [0],
      [0],
      [0]
    ],
    "mass": 8,
    "grav_ax": [
      [-0.00706363344904404],
      [0.0156543383060401],
      [0.999852512511069]
    ],
    "inertia_mat_G_loc": [
      [
        0.137103501707891,
        0.00197210741078711,
        0.00676230798678740
      ],
      [
        0.00197210741078711,
        0.126579635308872,
        0.00227526433982015
      ],
      [
        0.00676230798678740,
        0.00227526433982015,
        0.221805498058557
      ]
    ],
    "pos_G_loc": [
      [-0.0142539991391002],
      [-0.00172349210806806],
      [-0.126745539199044]
    ],
    "ext_force_loc": [
      [0],
      [0],
      [0]
    ]
  }
}