{
  "rotation_parametrization": "TAYT_BRYAN",
  "cable": [
    {
      "swivel_pulley_encoder_res": 262144,
      "motor_cable_tau": 2,
      "l0": 1,
      "pos_D_glob": [
        [0.269700000000000],
        [-0.928400000000000],
        [-0.113000000000000]
      ],
      "vers_i": [
        [-0.00532466686340808],
        [0.997405866737569],
        [-0.0717856874333103]
      ],
      "pos_A_loc": [
        [0.0199999797457478],
        [-0.286799969179064],
        [0.250000001206436]
      ],
      "vers_j": [
        [-0.0362249344677553],
        [-0.0719319781809040],
        [-0.996751495929547]
      ],
      "vers_k": [
        [-0.999329476221732],
        [-0.00270693783843406],
        [0.0365139759809624]
      ],
      "swivel_pulley_r": 0.025,
      "motor_encoder_res": 1048576
    },
    {
      "swivel_pulley_encoder_res": 262144,
      "motor_cable_tau": 2,
      "l0": 1,
      "pos_D_glob": [
        [2.3172],
        [0.2428],
        [-0.2106]
      ],
      "vers_i": [
       [-0.999067062795949],
       [0.0163660454545572],
       [-0.0399644416006951]
      ],
      "pos_A_loc": [
        [0.2511],
        [0.1534],
        [0.2500]
      ],
      "vers_j": [
        [0.0395629781009821],
        [-0.0241603479807345],
        [-0.998924946304391]
      ],
      "vers_k": [
        [-0.0173140058928373],
        [-0.999574124385795],
        [0.0234903183953222]
      ],
      "swivel_pulley_r": 0.025,
      "motor_encoder_res": 1048576
    },
    {
      "swivel_pulley_encoder_res": 262144,
      "motor_cable_tau": 2,
      "l0": 1,
      "pos_D_glob": [
        [0.1591],
        [1.4808],
        [-0.1084]
      ],
      "vers_i": [
        [0.0569670657302797],
        [-0.998368059843486],
        [0.00399631160403366]
      ],
      "pos_A_loc": [
        [-0.2111],
        [0.1534],
        [0.2500]
      ],
      "vers_j": [
        [0.00153510291654545],
        [0.00409039905847197],
        [0.999990456001745]
      ],
      "vers_k": [
        [-0.998374877929687],
        [-0.0569603872871050],
        [0.00176561575247860]
      ],
      "swivel_pulley_r": 0.025,
      "motor_encoder_res": 1048576
    }
  ],
  "platform": {
    "ext_moments_loc": [
      [0],
      [0],
      [0]
    ],
    "mass": 8.0064014,
    "grav_ax": [
      [0.0290],
      [0.0086],
      [0.9995]
    ],
    "inertia_mat_G_loc": [
      [
        0.13974096,
        0,
        0
      ],
      [
        0,
        0.13974096,
        0
      ],
      [
        0,
        0,
        0.21622689
      ]
    ],
    "pos_G_loc": [
      [0],
      [0],
      [0.18185573]
    ],
    "ext_force_loc": [
      [0],
      [0],
      [0]
    ]
  }
}