{
  "rotation_parametrization": "TAYT_BRYAN",
  "cable": [
    {
      "swivel_pulley_encoder_res": 262144,
      "motor_cable_tau": 2,
      "l0": 1,
      "pos_D_glob": [
        [-2.01358821131576],
        [-0.0671909343492299],
        [0.724632506894982]
      ],
      "vers_i": [
        [0.0134212709454348],
        [0.959889427731164],
        [-0.280057415570714]
      ],
      "pos_A_loc": [
        [0.0199999797457478],
        [-0.286799969179064],
        [0.250000001206436]
      ],
      "vers_j": [
        [0.0191470894035774],
        [-0.280277701801977],
        [-0.959726861601125]
      ],
      "vers_k": [
        [-0.999725516769291],
        [0.00751846986909319],
        [-0.0221407716661654]
      ],
      "swivel_pulley_r": 0.025,
      "motor_encoder_res": 1048576
    },
    {
      "swivel_pulley_encoder_res": 262144,
      "motor_cable_tau": 2,
      "l0": 1,
      "pos_D_glob": [
        [-0.00933130881922238],
        [1.01547854179705],
        [0.779481229016222]
      ],
      "vers_i": [
       [-0.999820998323642],
       [0.00914751711047059],
       [-0.0165618308719087]
      ],
      "pos_A_loc": [
        [0.2511],
        [0.1534],
        [0.2500]
      ],
      "vers_j": [
        [0.0167359131322345],
        [0.0191012049982877],
        [-0.999780090995925]
      ],
      "vers_k": [
        [-0.00882915456246177],
        [-0.999878306046430],
        [-0.0192508779023090]
      ],
      "swivel_pulley_r": 0.025,
      "motor_encoder_res": 1048576
    },
    {
      "swivel_pulley_encoder_res": 262144,
      "motor_cable_tau": 2,
      "l0": 1,
      "pos_D_glob": [
        [-1.99033609260921],
        [2.24098548753466],
        [0.722562352742949]
      ],
      "vers_i": [
        [0.0134212709454348],
        [0.959889427731164],
        [-0.280057415570714]
      ],
      "pos_A_loc": [
        [-0.2111],
        [0.1534],
        [0.2500]
      ],
      "vers_j": [
        [-0.00170131090732343],
        [-0.280060263295017],
        [-0.959980720636402]
      ],
      "vers_k": [
        [-0.999908298107083],
        [0.0133606260898421],
        [-0.00212569432150874]
      ],
      "swivel_pulley_r": 0.025,
      "motor_encoder_res": 1048576
    }
  ],
  "platform": {
    "ext_moments_loc": [
      [0],
      [0],
      [0]
    ],
    "mass": 8.0064014,
    "grav_ax": [
      [0.0290],
      [0.0086],
      [0.9995]
    ],
    "inertia_mat_G_loc": [
      [
        0.13974096,
        0,
        0
      ],
      [
        0,
        0.13974096,
        0
      ],
      [
        0,
        0,
        0.21622689
      ]
    ],
    "pos_G_loc": [
      [0],
      [0],
      [0.18185573]
    ],
    "ext_force_loc": [
      [0],
      [0],
      [0]
    ]
  }
}