{
  "rotation_parametrization": "TAYT_BRYAN",
  "cable": [
    {
      "swivel_pulley_encoder_res": 262144,
      "motor_cable_tau": 2,
      "l0": 1,
      "pos_D_glob": [
        [0.1597],
        [-0.8359],
        [-0.023]
      ],
      "vers_i": [
        [-0.00224698999999988],
        [0.999997000000000],
        [0.000191041999999877]
      ],
      "pos_A_loc": [
        [0],
        [-0.2668],
        [0.27]
      ],
      "vers_j": [
        [-0.999996000000000],
        [-0.00224730999999988],
        [0.00171175999999994]
      ],
      "vers_k": [
        [0.00171217999999994],
        [-0.000187194999999878],
        [0.999999000000000]
      ],
      "swivel_pulley_r": 0.02425,
      "motor_encoder_res": 1048576
    },
    {
      "swivel_pulley_encoder_res": 262144,
      "motor_cable_tau": 2,
      "l0": 1,
      "pos_D_glob": [
        [2.1753],
        [0.1817],
        [-0.0351]
      ],
      "vers_i": [
       [-0.999828000000000],
       [-0.00567887000000000],
       [0.0176359999999999]
      ],
      "pos_A_loc": [
        [0.2311],
        [0.1334],
        [0.27]
      ],
      "vers_j": [
        [0.00583730000000000],
        [-0.999943000000000],
        [0.00894448000000000]
      ],
      "vers_k": [
        [0.0175841999999999],
        [0.00904589000000000],
        [0.999804000000000]
      ],
      "swivel_pulley_r": 0.02425,
      "motor_encoder_res": 1048576
    },
    {
      "swivel_pulley_encoder_res": 262144,
      "motor_cable_tau": 2,
      "l0": 1,
      "pos_D_glob": [
        [0.2591],
        [1.2883],
        [-0.043]
      ],
      "vers_i": [
        [0.00423993000000000],
        [-0.999910000000000],
        [0.0127215000000000]
      ],
      "pos_A_loc": [
        [-0.2311],
        [0.1334],
        [0.27]
      ],
      "vers_j": [
        [0.999990000000000],
        [0.00425595000000000],
        [0.00123195000000006]
      ],
      "vers_k": [
        [-0.00128598000000006],
        [0.0127162000000000],
        [0.999918000000000]
      ],
      "swivel_pulley_r": 0.02425,
      "motor_encoder_res": 1048576
    }
  ],
  "platform": {
    "ext_moments_loc": [
      [0],
      [0],
      [0]
    ],
    "mass": 8.0064014,
    "inertia_mat_G_loc": [
      [
        0.13974096,
        0,
        0
      ],
      [
        0,
        0.13974096,
        0
      ],
      [
        0,
        0,
        0.21622689
      ]
    ],
    "pos_G_loc": [
      [0],
      [0],
      [0.18185573]
    ],
    "ext_force_loc": [
      [0],
      [0],
      [0]
    ]
  }
}