{
  "rotation_parametrization": "TAYT_BRYAN",
  "cable": [
    {
      "swivel_pulley_encoder_res": 262144,
      "motor_cable_tau": 5.994054947187885e-08,
      "l0": 1,
     "pos_D_glob": [
        [-0.942798799029290],
        [0.0267269510449693],
        [0.785989534844823]
      ],
      "vers_i": [
       [0],
       [1],
       [0]
      ],
      "pos_A_loc": [
        [-0.147563945371912],
        [-0.232655151041061],
        [-0.0384557313508273]
      ],
      "vers_j": [
        [0],
        [0],
        [-1]
      ],
      "vers_k": [
        [-1],
        [0],
        [0]
      ],
      "swivel_pulley_r": 0.0225,
      "motor_encoder_res": 1048576
    },
    {
      "swivel_pulley_encoder_res": 262144,
      "motor_cable_tau": 5.994054947187885e-08,
      "l0": 1,
      "pos_D_glob": [
        [1.15459538372999],
        [1.18836840037367],
        [0.786131872053558]
      ],
      "vers_i": [
        [-1],
        [0],
        [0]
      ],
      "pos_A_loc": [
        [0.254971523648295],
        [-0.000616959743083554],
        [-0.0393229186822069]
      ],
      "vers_j": [
        [0],
        [0],
        [-1]
      ],
      "vers_k": [
        [0],
        [-1],
        [0]
      ],
      "swivel_pulley_r": 0.0225,
      "motor_encoder_res": 1048576
    },
    {
      "swivel_pulley_encoder_res": 262144,
      "motor_cable_tau": 5.994054947187885e-08,
      "l0": 1,
      "pos_D_glob": [
        [-0.986223531313272],
        [2.32641759015260],
        [0.731285781684009]
      ],
      "vers_i": [
        [0],
        [-1],
        [0]
      ],
      "pos_A_loc": [
        [-0.154640008729479],
        [0.234772723472928],
        [-0.0418641434412096]
      ],
      "vers_j": [
        [0],
        [0],
        [1]
      ],
      "vers_k": [
        [-1],
        [0],
        [0]
      ],
      "swivel_pulley_r": 0.0225,
      "motor_encoder_res": 1048576
    }
  ],
  "platform": {
    "ext_moments_loc": [
      [0],
      [0],
      [0]
    ],
    "mass": 8,
    "grav_ax": [
      [0],
      [0],
      [1]
    ],
    "inertia_mat_G_loc": [
      [
        0.13974096,
        0,
        0
      ],
      [
        0,
        0.13974096,
        0
      ],
      [
        0,
        0,
        0.21622689
      ]
    ],
    "pos_G_loc": [
      [0],
      [0],
      [-0.18185573]
    ],
    "ext_force_loc": [
      [0],
      [0],
      [0]
    ]
  }
}