{
  "rotation_parametrization": "TILT_TORSION",
  "actuator": [
    {
	  "active": true,
	  "pulley": {
	  "transmission_ratio": 2.396844981071314e-05,
	  "radius": 0.0,
	  "pos_OD_glob": [
        [0],
        [0],
        [0]
      ],
	  "vers_i": [
       [0],
       [1],
       [0]
      ],
	  "vers_j": [
        [-1],
        [0],
        [0]
      ],
      "vers_k": [
        [0],
        [0],
        [1]
      ]
	  },
      "winch": {
	  "transmission_ratio": 5.900233991787028e-08,
	  "l0": 1,
      "pos_PA_loc": [
[-0.09],
        [-0.15],
        
        [0.15]
      ]
	  }
    },
	{
	  "active": false,
	  "pulley": {
	  "transmission_ratio": 2.396844981071314e-05,
	  "radius": 0.017042763371291,
	  "pos_OD_glob": [
        [-0.964543778946725],
        [0.024177559390549],
        [0.780077688536437]
      ],
	  "vers_i": [
       [0.001923143015411],
       [0.999998150755849],
       [-2.413611216760391e-06]
      ],
	  "vers_j": [
        [0.001255033711257],
        [0],
        [-0.999999212444882]
      ],
      "vers_k": [
        [-0.999997363202187],
        [0.001923144529993],
        [0.001255031390393]
      ]
	  },
      "winch": {
	  "transmission_ratio": 5.900233991787028e-08,
	  "l0": 1,
      "pos_PA_loc": [
        [-0.150426136072068],
        [-0.236638780074145],
        [0.261684766873677]
      ]
	  }
    },
	{
	  "active": false,
	  "pulley": {
	  "transmission_ratio": 2.396844981071314e-05,
	  "radius": 0.017042763371291,
	  "pos_OD_glob": [
        [-0.964543778946725],
        [0.024177559390549],
        [0.780077688536437]
      ],
	  "vers_i": [
       [0.001923143015411],
       [0.999998150755849],
       [-2.413611216760391e-06]
      ],
	  "vers_j": [
        [0.001255033711257],
        [0],
        [-0.999999212444882]
      ],
      "vers_k": [
        [-0.999997363202187],
        [0.001923144529993],
        [0.001255031390393]
      ]
	  },
      "winch": {
	  "transmission_ratio": 5.900233991787028e-08,
	  "l0": 1,
      "pos_PA_loc": [
        [-0.150426136072068],
        [-0.236638780074145],
        [0.261684766873677]
      ]
	  }
    },
	{
	  "active": false,
	  "pulley": {
	  "transmission_ratio": 2.396844981071314e-05,
	  "radius": 0.017042763371291,
	  "pos_OD_glob": [
        [-0.964543778946725],
        [0.024177559390549],
        [0.780077688536437]
      ],
	  "vers_i": [
       [0.001923143015411],
       [0.999998150755849],
       [-2.413611216760391e-06]
      ],
	  "vers_j": [
        [0.001255033711257],
        [0],
        [-0.999999212444882]
      ],
      "vers_k": [
        [-0.999997363202187],
        [0.001923144529993],
        [0.001255031390393]
      ]
	  },
      "winch": {
	  "transmission_ratio": 5.900233991787028e-08,
	  "l0": 1,
      "pos_PA_loc": [
        [-0.150426136072068],
        [-0.236638780074145],
        [0.261684766873677]
      ]
	  }
    },
	{
	  "active": true,
	  "pulley": {
	  "transmission_ratio": 2.396844981071314e-05,
	  "radius": 0.0,
	  "pos_OD_glob": [
        [2.11],
        [1.16],
        [0]
      ],
	  "vers_i": [
       [-1],
       [0],
       [0]
      ],
	  "vers_j": [
        [0],
        [-1],
        [0]
      ],
      "vers_k": [
        [0],
        [0],
        [1]
      ]
	  },
      "winch": {
	  "transmission_ratio": 5.904115307541675e-08,
	  "l0": 1,
      "pos_PA_loc": [
        [0.17],
        [0],
        [0.15]
      ]
	  }
    },
    {
	  "active": false,
	  "pulley": {
	  "transmission_ratio": 2.396844981071314e-05,
	  "radius": 0.023407121035722,
	  "pos_OD_glob": [
        [1.145032609779645],
        [1.187768081164137],
        [0.767628999396484]
      ],
	  "vers_i": [
       [-0.999999174519174],
       [0.001284896792268],
       [-1.097013481808639e-06]
      ],
	  "vers_j": [
        [0],
        [-0.000853775251510945],
        [-0.999999635533844]
      ],
      "vers_k": [
        [-0.00128489726056972],
        [-0.999998810053319],
        [0.000853774546735845]
      ]
	  },
      "winch": {
	  "transmission_ratio": 5.904115307541675e-08,
	  "l0": 1,
      "pos_PA_loc": [
        [0.258285334330924],
        [-0.00157568669576209],
        [0.261446607434890]
      ]
	  }
    },
	{
	  "active": true,
	  "pulley": {
	  "transmission_ratio": 2.396844981071314e-05,
	  "radius": 0.0,
	  "pos_OD_glob": [
        [0],
        [2.32],
        [0]
      ],
	  "vers_i": [
       [0],
        [-1],
        [0]
      ],
	  "vers_j": [
        [0],
        [1],
        [0]
      ],
      "vers_k": [
        [0],
        [0],
        [1]
      ]
	  },
      "winch": {
	  "transmission_ratio": 5.93992600591236e-08,
	  "l0": 1,
      "pos_PA_loc": [
[-0.09],
        [0.15],
        
        [0.15]
      ]
	  }
    },
    {
	  "active": true,
	  "pulley": {
	  "transmission_ratio": 2.396844981071314e-05,
	  "radius": 0.0,
	  "pos_OD_glob": [
        [-2.11],
        [1.16],
        [0]
      ],
	  "vers_i": [
       [1],
       [0],
       [0]
      ],
	  "vers_j": [
        [0],
        [1],
        [0]
      ],
      "vers_k": [
        [0],
        [0],
        [1]
      ]
	  },
      "winch": {
	  "transmission_ratio": 5.904115307541675e-08,
	  "l0": 1,
      "pos_PA_loc": [
        [-0.35],
        [0],
        [0.15]
      ]
	  }
    }
  ],
  "platform": {
    "ext_torque_loc": [
      [0],
      [0],
      [0]
    ],
    "mass": 8.0064,
    "gravity_axis": [
      [0],
      [0],
      [1]
    ],
    "inertia_mat_G_loc": [
      [
        0.14,
        0.0002,
        0.002
      ],
      [
        0.0002,
        0.14,
        0.001
      ],
      [
        0.002,
        0.001,
        0.22
      ]
    ],
    "pos_PG_loc": [
      [0],
      [0],
      [0]
    ],
    "ext_force_loc": [
      [0],
      [0],
      [0]
    ],
    "actuation_mask": [
      [1],
      [1],
      [1],
      [0],
      [0],
      [1]
    ]
  }
}